Carimbo de data/hora,PontuaÃ§Ã£o,Idade:,Sexo:,Estado Civil:,NÃºmero de filhos:,OcupaÃ§Ã£o atual (profissÃ£o):,HorÃ¡rio de trabalho,Renda familiar mensal (valor aproximado):,Ãšlima sÃ©rie concluÃ­da:,Ano de conclusÃ£o:,Motivo pelo qual interrompeu os estudos:,JÃ¡ estudou na EJA alguma vez?,"O que motivou vocÃª a estudar?
(Marque todas as opÃ§Ãµes aplicÃ¡veis)","Quais desafios vocÃª enfrenta para frequentar as aulas?
(Marque todas as opÃ§Ãµes aplicÃ¡veis)",VocÃª tem acesso a celular ou tablet ou computador em casa?,VocÃª tem acesso a internet em casa?,"VocÃª jÃ¡ teve experiÃªncias negativas na escola? 
Se sim, escreva quais foram no item ""Outro"" abaixo.","VocÃª possui alguma dificuldade ou necessidade especial que possa afetar sua aprendizagem?
(Marque todas as opÃ§Ãµes aplicÃ¡veis)",VocÃª recebe algum tipo de suporte ou tratamento para essa condiÃ§Ã£o?,"Qual a sua disponibilidade para estudar fora da sala de aula?
(Marque todas as opÃ§Ãµes aplicÃ¡veis)","Quais sÃ£o suas Ã¡reas de interesse ou necessidade?
(Marque todas as opÃ§Ãµes aplicÃ¡veis)",Como vocÃª prefere assistir suas aulas?,"Qual tipo de material vocÃª prefere para estudar?
(Marque todas as opÃ§Ãµes aplicÃ¡veis)",Como vocÃª avalia sua habilidade de leitura e escrita?,Como vocÃª avalia sua habilidade em matemÃ¡tica?,VocÃª tem alguÃ©m que o ajuda nos estudos?,"Quais recursos ou apoios vocÃª acha que seriam Ãºteis para seu sucesso nos estudos?
(Marque todas as opÃ§Ãµes aplicÃ¡veis)","Se quiser adicionar mais detalhes sobre sua experiÃªncia ou necessidades educacionais, por favor, escreva aqui.","Eu sei usar o celular, o tablet ou o computador para procurar informaÃ§Ãµes na internet?","Eu sei ver se uma informaÃ§Ã£o da internet Ã© verdadeira, usando o celular, o tablet ou o computador? ","Eu sei usar aplicativos de mensagens instantÃ¢neas, como WhatsApp, para me comunicar com outras pessoas?","Eu sei colaborar com outras pessoas usando aplicativos de trabalho em equipe, como Google Drive ou Microsoft Teams?",Eu sei usar aplicativos para criar e editar documentos de texto ou planilhas?,Eu sei criar e editar fotos ou vÃ­deos usando aplicativos?,Eu sei proteger minha privacidade ao usar aplicativos e redes sociais?,Eu sei reconhecer e evitar golpes online?,"Eu sei resolver problemas de erros ou travamento que surgem quando utilizo meu celular, tablet ou computador?","Eu sei onde procurar ajuda na internet quando tem um problema com o meu celular, tablet ou meu computador? ","Se desejar acrescentar alguma consideraÃ§Ã£o sobre sua vivÃªncia com celulares e tecnologia, por favor, utilize este espaÃ§o."
12/05/2025 16:39:01,,30,Masculino,Solteiro,TrÃªs,Vendedor,Dia todo,Entre 1 e 2 salÃ¡rios mÃ­nimos,9Â° ano do fundamental,2000,Trabalho,NÃ£o,"Melhoria de oportunidades de emprego., Crescimento pessoal.","ConciliaÃ§Ã£o com o trabalho, Responsabilidades familiares",Sim,Sim,NÃ£o,Transtornos de ansiedade,NÃ£o,Fins de semana,Tecnologia,Aulas online gravadas,Material impresso,Boa,Excelente,NÃ£o,Aulas de reforÃ§o,,ğŸ‘ğŸ»ğŸ˜ Concordo totalmente,ğŸ‘ğŸ»ğŸ™‚ Neutro,ğŸ‘ğŸ»ğŸ˜ Concordo totalmente,ğŸ‘ğŸ»ğŸ«¤ Discordo,ğŸ‘ğŸ»ğŸ˜Š Concordo,ğŸ‘ğŸ»ğŸ«¤ Discordo,ğŸ‘ğŸ»ğŸ«¤ Discordo,ğŸ‘ğŸ»ğŸ«¤ Discordo,ğŸ‘ğŸ»ğŸ™‚ Neutro,ğŸ‘ğŸ»ğŸ˜Š Concordo,
12/05/2025 16:49:46,,55,Feminino,Casado,TrÃªs,Domestica,Escala,Entre 2 e 3 salÃ¡rios mÃ­nimos,5Â° ano do fundamental,1992,FamÃ­lia,NÃ£o,"Melhoria de oportunidades de emprego., Exemplo para os filhos e famÃ­lia.","Problemas financeiros, DistÃ¢ncia da escola",Sim,Sim,NÃ£o,"TDAH, DepressÃ£o",NÃ£o,Noite,"MatemÃ¡tica, LÃ­ngua portuguesa",Aulas presenciais na escola,Material impresso,Boa,Regular,Sim,Aulas de reforÃ§o,,ğŸ‘ğŸ»ğŸ˜Š Concordo,ğŸ‘ğŸ»ğŸ™‚ Neutro,ğŸ‘ğŸ»ğŸ˜ Concordo totalmente,ğŸ‘ğŸ»ğŸ™Discordo totalmente,ğŸ‘ğŸ»ğŸ™Discordo totalmente,ğŸ‘ğŸ»ğŸ™Discordo totalmente,ğŸ‘ğŸ»ğŸ™Discordo totalmente,ğŸ‘ğŸ»ğŸ™Discordo totalmente,ğŸ‘ğŸ»ğŸ™Discordo totalmente,ğŸ‘ğŸ»ğŸ™Discordo totalmente,
12/05/2025 16:52:02,,20,Masculino,Solteiro,Nenhum,Auxiliar de cozinha,Dia todo,Entre 1 e 2 salÃ¡rios mÃ­nimos,1Â° ano do ensino mÃ©dio,2015,Trabalho,NÃ£o,Melhoria de oportunidades de emprego.,"Problemas financeiros, DistÃ¢ncia da escola",Sim,Sim,NÃ£o,Dislexia,NÃ£o,Fins de semana,"MatemÃ¡tica, HistÃ³ria",Aulas online gravadas,VÃ­deos educativos,Boa,Regular,NÃ£o,"Apoio financeiro, Suporte tecnolÃ³gico",,ğŸ‘ğŸ»ğŸ˜ Concordo totalmente,ğŸ‘ğŸ»ğŸ˜Š Concordo,ğŸ‘ğŸ»ğŸ˜ Concordo totalmente,ğŸ‘ğŸ»ğŸ˜Š Concordo,ğŸ‘ğŸ»ğŸ˜ Concordo totalmente,ğŸ‘ğŸ»ğŸ˜ Concordo totalmente,ğŸ‘ğŸ»ğŸ˜ Concordo totalmente,ğŸ‘ğŸ»ğŸ˜ Concordo totalmente,ğŸ‘ğŸ»ğŸ˜ Concordo totalmente,ğŸ‘ğŸ»ğŸ˜ Concordo totalmente,
12/05/2025 16:54:22,,70,Masculino,Casado,TrÃªs,Aposentado,NÃ£o se aplica,Entre 2 e 3 salÃ¡rios mÃ­nimos,6Â° ano do fundamental,1980,FamÃ­lia,NÃ£o,Crescimento pessoal.,Falta de apoio familiar,Sim,Sim,NÃ£o,Surdez ou deficiÃªncia auditiva,NÃ£o,"ManhÃ£, Tarde","AlfabetizaÃ§Ã£o, CiÃªncias, LÃ­ngua portuguesa, Tecnologia",Aulas online ao vivo,Material impresso,Boa,Excelente,Sim,Aulas de reforÃ§o,,ğŸ‘ğŸ»ğŸ™Discordo totalmente,ğŸ‘ğŸ»ğŸ™Discordo totalmente,ğŸ‘ğŸ»ğŸ™Discordo totalmente,ğŸ‘ğŸ»ğŸ™Discordo totalmente,ğŸ‘ğŸ»ğŸ™Discordo totalmente,ğŸ‘ğŸ»ğŸ™Discordo totalmente,ğŸ‘ğŸ»ğŸ™Discordo totalmente,ğŸ‘ğŸ»ğŸ™Discordo totalmente,ğŸ‘ğŸ»ğŸ™Discordo totalmente,ğŸ‘ğŸ»ğŸ™Discordo totalmente,